身份,系所,年級,學號,姓名,信箱,班別
學生,經濟系      ,3,Q1990301,張五 (ZHANG WU),q1990301@ntu.edu.tw,資料庫系統-從SQL到NoSQL (EE5178)
學生,經濟系      ,3,Q1990302,胡三 (HU SAN),q1990302@ntu.edu.tw,資料庫系統-從SQL到NoSQL (EE5178)
學生,經濟系      ,4,Q1990303,蘇八 (SU BA),q1990303@ntu.edu.tw,資料庫系統-從SQL到NoSQL (EE5178)
學生,經濟系      ,4,Q1990304,何十 (HE SHI),q1990304@ntu.edu.tw,資料庫系統-從SQL到NoSQL (EE5178)
學生,經濟系      ,4,Q1990305,林六 (LIN LIU),q1990305@ntu.edu.tw,資料庫系統-從SQL到NoSQL (EE5178)
學生,經濟系      ,4,Q1990306,章九 (ZHANG JIU),q1990306@ntu.edu.tw,資料庫系統-從SQL到NoSQL (EE5178)
學生,機械系      ,4,B09502132,"周哲瑋 (CHOU,CHE-WEI)",b09502132@ntu.edu.tw,資料庫系統-從SQL到NoSQL (EE5178)
學生,材料系      ,4,Q1990307,林十 (LIN SHI),q1990307@ntu.edu.tw,資料庫系統-從SQL到NoSQL (EE5178)
學生,醫工系      ,4,Q1990308,趙九 (ZHAO JIU),q1990308@ntu.edu.tw,資料庫系統-從SQL到NoSQL (EE5178)
學生,醫工系      ,4,Q1990309,魯五 (LU WU),q1990309@ntu.edu.tw,資料庫系統-從SQL到NoSQL (EE5178)
學生,土木所水利組,1,Q1990310,何九 (HE JIU),q1990310@ntu.edu.tw,資料庫系統-從SQL到NoSQL (EE5178)
學生,土木所營管組,1,Q1990311,陳一 (CHEN YI),q1990311@ntu.edu.tw,資料庫系統-從SQL到NoSQL (EE5178)
學生,土木所營管組,3,Q1990312,高七 (GAO QI),q1990312@ntu.edu.tw,資料庫系統-從SQL到NoSQL (EE5178)
學生,機械所固力組,1,Q1990313,馬三 (MA SAN),q1990313@ntu.edu.tw,資料庫系統-從SQL到NoSQL (EE5178)
學生,機械所固力組,1,Q1990314,韓四 (HAN SI),q1990314@ntu.edu.tw,資料庫系統-從SQL到NoSQL (EE5178)
學生,機械所製造組,1,Q1990315,崔五 (CUI WU),q1990315@ntu.edu.tw,資料庫系統-從SQL到NoSQL (EE5178)
學生,機械所製造組,1,Q1990316,韓五 (HAN WU),q1990316@ntu.edu.tw,資料庫系統-從SQL到NoSQL (EE5178)
學生,工科海洋所  ,1,Q1990317,羅八 (LUO BA),q1990317@ntu.edu.tw,資料庫系統-從SQL到NoSQL (EE5178)
學生,工科海洋所  ,1,Q1990318,施一 (SHI YI),q1990318@ntu.edu.tw,資料庫系統-從SQL到NoSQL (EE5178)
學生,工科海洋所  ,2,Q1990319,陳七 (CHEN QI),q1990319@ntu.edu.tw,資料庫系統-從SQL到NoSQL (EE5178)
學生,材料所      ,1,Q1990320,魯七 (LU QI),q1990320@ntu.edu.tw,資料庫系統-從SQL到NoSQL (EE5178)
學生,材料所應材班,1,Q1990321,林九 (LIN JIU),q1990321@ntu.edu.tw,資料庫系統-從SQL到NoSQL (EE5178)
學生,動科系      ,4,Q1990322,許八 (XU BA),q1990322@ntu.edu.tw,資料庫系統-從SQL到NoSQL (EE5178)
學生,動科系      ,4,Q1990323,許十 (XU SHI),q1990323@ntu.edu.tw,資料庫系統-從SQL到NoSQL (EE5178)
學生,生物機電系  ,4,Q1990324,高九 (GAO JIU),q1990324@ntu.edu.tw,資料庫系統-從SQL到NoSQL (EE5178)
學生,生物機電系  ,4,Q1990325,彭八 (PENG BA),q1990325@ntu.edu.tw,資料庫系統-從SQL到NoSQL (EE5178)
學生,生物機電系  ,4,Q1990326,梁三 (LIANG SAN),q1990326@ntu.edu.tw,資料庫系統-從SQL到NoSQL (EE5178)
學生,生物機電系  ,4,Q1990327,嶽四 (YUE SI),q1990327@ntu.edu.tw,資料庫系統-從SQL到NoSQL (EE5178)
學生,森林環資所  ,3,Q1990328,蔣四 (JIANG SI),q1990328@ntu.edu.tw,資料庫系統-從SQL到NoSQL (EE5178)
學生,生物機電所  ,1,Q1990329,嶽二 (YUE ER),q1990329@ntu.edu.tw,資料庫系統-從SQL到NoSQL (EE5178)
學生,生物機電所  ,1,Q1990330,馮四 (FENG SI),q1990330@ntu.edu.tw,資料庫系統-從SQL到NoSQL (EE5178)
學生,生物機電所  ,1,Q1990331,馬五 (MA WU),q1990331@ntu.edu.tw,資料庫系統-從SQL到NoSQL (EE5178)
學生,生物機電所  ,1,Q1990332,彭七 (PENG QI),q1990332@ntu.edu.tw,資料庫系統-從SQL到NoSQL (EE5178)
學生,生物機電所  ,1,Q1990333,徐六 (XU LIU),q1990333@ntu.edu.tw,資料庫系統-從SQL到NoSQL (EE5178)
學生,生物機電所  ,1,Q1990334,周八 (ZHOU BA),q1990334@ntu.edu.tw,資料庫系統-從SQL到NoSQL (EE5178)
學生,生物機電所  ,1,Q1990335,吳八 (WU BA),q1990335@ntu.edu.tw,資料庫系統-從SQL到NoSQL (EE5178)
學生,生物機電所  ,1,Q1990336,郭六 (GUO LIU),q1990336@ntu.edu.tw,資料庫系統-從SQL到NoSQL (EE5178)
學生,工管系企管組,3,Q1990337,宋四 (SONG SI),q1990337@ntu.edu.tw,資料庫系統-從SQL到NoSQL (EE5178)
學生,工管系科管組,2,Q1990338,施四 (SHI SI),q1990338@ntu.edu.tw,資料庫系統-從SQL到NoSQL (EE5178)
學生,財金系      ,4,Q1990339,王三 (WANG SAN),q1990339@ntu.edu.tw,資料庫系統-從SQL到NoSQL (EE5178)
學生,資訊管理所  ,1,Q1990340,卓九 (ZHUO JIU),q1990340@ntu.edu.tw,資料庫系統-從SQL到NoSQL (EE5178)
學生,資訊管理所  ,1,Q1990341,朱六 (ZHU LIU),q1990341@ntu.edu.tw,資料庫系統-從SQL到NoSQL (EE5178)
學生,資訊管理所  ,1,Q1990342,林四 (LIN SI),q1990342@ntu.edu.tw,資料庫系統-從SQL到NoSQL (EE5178)
學生,資訊管理所  ,1,Q1990343,韓二 (HAN ER),q1990343@ntu.edu.tw,資料庫系統-從SQL到NoSQL (EE5178)
學生,資訊管理所  ,2,Q1990344,董六 (DONG LIU),q1990344@ntu.edu.tw,資料庫系統-從SQL到NoSQL (EE5178)
學生,流預所      ,2,Q1990345,宋七 (SONG QI),q1990345@ntu.edu.tw,資料庫系統-從SQL到NoSQL (EE5178)
學生,電機系      ,3,Q1990346,朱十 (ZHU SHI),q1990346@ntu.edu.tw,資料庫系統-從SQL到NoSQL (EE5178)
學生,電機系      ,3,Q1990347,王一 (WANG YI),q1990347@ntu.edu.tw,資料庫系統-從SQL到NoSQL (EE5178)
學生,電機系      ,3,Q1990348,劉一 (LIU YI),q1990348@ntu.edu.tw,資料庫系統-從SQL到NoSQL (EE5178)
學生,電機系      ,4,Q1990349,郭九 (GUO JIU),q1990349@ntu.edu.tw,資料庫系統-從SQL到NoSQL (EE5178)
學生,電機系      ,4,Q1990350,李三 (LI SAN),q1990350@ntu.edu.tw,資料庫系統-從SQL到NoSQL (EE5178)
學生,電機系      ,4,Q1990351,章四 (ZHANG SI),q1990351@ntu.edu.tw,資料庫系統-從SQL到NoSQL (EE5178)
學生,資工系      ,3,Q1990352,謝三 (XIE SAN),q1990352@ntu.edu.tw,資料庫系統-從SQL到NoSQL (EE5178)
學生,資工系      ,3,Q1990353,鄧八 (DENG BA),q1990353@ntu.edu.tw,資料庫系統-從SQL到NoSQL (EE5178)
學生,資工系      ,4,Q1990354,田一 (TIAN YI),q1990354@ntu.edu.tw,資料庫系統-從SQL到NoSQL (EE5178)
學生,資工系      ,4,Q1990355,田七 (TIAN QI),q1990355@ntu.edu.tw,資料庫系統-從SQL到NoSQL (EE5178)
學生,電機所      ,1,Q1990356,姜七 (JIANG QI),q1990356@ntu.edu.tw,資料庫系統-從SQL到NoSQL (EE5178)
學生,電機所      ,1,Q1990357,何七 (HE QI),q1990357@ntu.edu.tw,資料庫系統-從SQL到NoSQL (EE5178)
學生,電機所      ,1,Q1990358,孫八 (SUN BA),q1990358@ntu.edu.tw,資料庫系統-從SQL到NoSQL (EE5178)
學生,電機所      ,1,Q1990359,魯十 (LU SHI),q1990359@ntu.edu.tw,資料庫系統-從SQL到NoSQL (EE5178)
學生,電機所      ,1,R12921059,"鄧雅文 (TENG, YA-WEN)",r12921059@ntu.edu.tw,資料庫系統-從SQL到NoSQL (EE5178)
學生,電機所      ,1,Q1990360,范六 (FAN LIU),q1990360@ntu.edu.tw,資料庫系統-從SQL到NoSQL (EE5178)
學生,電機所      ,1,R12921093,吳吉加 (CHI-CHIA WU),r12921093@ntu.edu.tw,資料庫系統-從SQL到NoSQL (EE5178)
學生,電機所      ,1,Q1990361,嶽八 (YUE BA),q1990361@ntu.edu.tw,資料庫系統-從SQL到NoSQL (EE5178)
學生,電機所      ,1,Q1990362,吳一 (WU YI),q1990362@ntu.edu.tw,資料庫系統-從SQL到NoSQL (EE5178)
學生,電機所      ,1,Q1990363,卓六 (ZHUO LIU),q1990363@ntu.edu.tw,資料庫系統-從SQL到NoSQL (EE5178)
學生,電機所      ,1,Q1990364,高十 (GAO SHI),q1990364@ntu.edu.tw,資料庫系統-從SQL到NoSQL (EE5178)
學生,,3,Q1990365,鄧九 (DENG JIU),q1990365@ntu.edu.tw,資料庫系統-從SQL到NoSQL (EE5178)
學生,,2,Q1990366,鄧七 (DENG QI),q1990366@ntu.edu.tw,資料庫系統-從SQL到NoSQL (EE5178)
學生,資工所      ,1,Q1990367,鄭七 (ZHENG QI),q1990367@ntu.edu.tw,資料庫系統-從SQL到NoSQL (EE5178)
學生,資工所      ,1,Q1990368,徐三 (XU SAN),q1990368@ntu.edu.tw,資料庫系統-從SQL到NoSQL (EE5178)
學生,資工所      ,1,Q1990369,嶽六 (YUE LIU),q1990369@ntu.edu.tw,資料庫系統-從SQL到NoSQL (EE5178)
學生,資工所      ,1,Q1990370,章六 (ZHANG LIU),q1990370@ntu.edu.tw,資料庫系統-從SQL到NoSQL (EE5178)
學生,資工所      ,1,R12922116,"王偉力 (WANG, WEI-LI)",r12922116@ntu.edu.tw,資料庫系統-從SQL到NoSQL (EE5178)
學生,資工所      ,1,Q1990371,謝十 (XIE SHI),q1990371@ntu.edu.tw,資料庫系統-從SQL到NoSQL (EE5178)
學生,資工所      ,1,Q1990372,田四 (TIAN SI),q1990372@ntu.edu.tw,資料庫系統-從SQL到NoSQL (EE5178)
學生,資工所      ,1,Q1990373,楊四 (YANG SI),q1990373@ntu.edu.tw,資料庫系統-從SQL到NoSQL (EE5178)
學生,資工所      ,1,Q1990374,范三 (FAN SAN),q1990374@ntu.edu.tw,資料庫系統-從SQL到NoSQL (EE5178)
學生,資工所      ,1,Q1990375,楊三 (YANG SAN),q1990375@ntu.edu.tw,資料庫系統-從SQL到NoSQL (EE5178)
學生,資工所      ,1,Q1990376,朱三 (ZHU SAN),q1990376@ntu.edu.tw,資料庫系統-從SQL到NoSQL (EE5178)
學生,資工所      ,1,Q1990377,唐十 (TANG SHI),q1990377@ntu.edu.tw,資料庫系統-從SQL到NoSQL (EE5178)
學生,資工所      ,2,Q1990378,宋五 (SONG WU),q1990378@ntu.edu.tw,資料庫系統-從SQL到NoSQL (EE5178)
學生,資工所      ,2,Q1990379,許三 (XU SAN),q1990379@ntu.edu.tw,資料庫系統-從SQL到NoSQL (EE5178)
學生,電信所      ,1,Q1990380,蔡七 (CAI QI),q1990380@ntu.edu.tw,資料庫系統-從SQL到NoSQL (EE5178)
學生,電信所      ,1,Q1990381,薛八 (XUE BA),q1990381@ntu.edu.tw,資料庫系統-從SQL到NoSQL (EE5178)
學生,電信所      ,1,Q1990382,鄭二 (ZHENG ER),q1990382@ntu.edu.tw,資料庫系統-從SQL到NoSQL (EE5178)
學生,電信所      ,1,Q1990383,田六 (TIAN LIU),q1990383@ntu.edu.tw,資料庫系統-從SQL到NoSQL (EE5178)
學生,電信所      ,1,Q1990384,楊六 (YANG LIU),q1990384@ntu.edu.tw,資料庫系統-從SQL到NoSQL (EE5178)
學生,網媒所      ,1,Q1990385,章一 (ZHANG YI),q1990385@ntu.edu.tw,資料庫系統-從SQL到NoSQL (EE5178)
學生,網媒所      ,1,Q1990386,林五 (LIN WU),q1990386@ntu.edu.tw,資料庫系統-從SQL到NoSQL (EE5178)
學生,網媒所      ,1,Q1990387,羅六 (LUO LIU),q1990387@ntu.edu.tw,資料庫系統-從SQL到NoSQL (EE5178)
學生,生醫電資所  ,1,Q1990388,鄧五 (DENG WU),q1990388@ntu.edu.tw,資料庫系統-從SQL到NoSQL (EE5178)
學生,基因學位學程,1,Q1990389,李九 (LI JIU),q1990389@ntu.edu.tw,資料庫系統-從SQL到NoSQL (EE5178)
旁聽生,政治所      ,2,Q1990390,呂十 (LV SHI),q1990390@ntu.edu.tw,資料庫系統-從SQL到NoSQL (EE5178)
旁聽生,政治所      ,3,Q1990391,董八 (DONG BA),q1990391@ntu.edu.tw,資料庫系統-從SQL到NoSQL (EE5178)
旁聽生,政治所      ,3,Q1990392,劉六 (LIU LIU),q1990392@ntu.edu.tw,資料庫系統-從SQL到NoSQL (EE5178)
旁聽生,土木所CAE組 ,1,Q1990393,蘇五 (SU WU),q1990393@ntu.edu.tw,資料庫系統-從SQL到NoSQL (EE5178)
旁聽生,電機系      ,2,Q1990394,陳十 (CHEN SHI),q1990394@ntu.edu.tw,資料庫系統-從SQL到NoSQL (EE5178)
旁聽生,電機系      ,3,Q1990395,董一 (DONG YI),q1990395@ntu.edu.tw,資料庫系統-從SQL到NoSQL (EE5178)
旁聽生,資工系      ,2,Q1990396,施五 (SHI WU),q1990396@ntu.edu.tw,資料庫系統-從SQL到NoSQL (EE5178)
旁聽生,電機所      ,3,Q1990397,何八 (HE BA),q1990397@ntu.edu.tw,資料庫系統-從SQL到NoSQL (EE5178)
旁聽生,資工所      ,3,Q1990398,施十 (SHI SHI),q1990398@ntu.edu.tw,資料庫系統-從SQL到NoSQL (EE5178)
旁聽生,電信所      ,2,Q1990399,孫三 (SUN SAN),q1990399@ntu.edu.tw,資料庫系統-從SQL到NoSQL (EE5178)
